[{"ID":"1","FLName":"Gregory Miles","Age":23,"Salary":2000,"Position":"Manager"},{"ID":"2","FLName":"Keith Harrington","Age":21,"Salary":1800,"Position":"Сonsultant"},{"ID":"3","FLName":"Christopher Stone","Age":35,"Salary":4500,"Position":"Technology Officer"},{"ID":"4","FLName":"Cate Loveless","Age":37,"Salary":2400,"Position":"Senior Manager"},{"ID":"5","FLName":"Miky Bowls","Age":45,"Salary":7500,"Position":"Chief Executive Officer"},{"ID":"6","FLName":"Lesley Luna","Age":30,"Salary":5500,"Position":"Chief Operating Officer"},{"ID":"7","FLName":"Megan Lights","Age":27,"Salary":2000,"Position":"Manager"},{"ID":"8","FLName":"Tina Jordyn","Age":32,"Salary":2400,"Position":"Senior Manager"},{"ID":"9","FLName":"Luis McKinley","Age":21,"Salary":2000,"Position":"Manager"},{"ID":"10","FLName":"John Lerumb","Age":40,"Salary":5000,"Position":"Auditor"}]