<edmx:Edmx Version="1.0" xmlns:edmx="http://schemas.microsoft.com/ado/2007/06/edmx" xmlns:m="http://schemas.microsoft.com/ado/2007/08/dataservices/metadata" xmlns:sap="http://www.sap.com/Protocols/SAPData">
    <edmx:DataServices m:DataServiceVersion="2.0">
        <Schema Namespace="2b95014311c0b932113fd8e3" xml:lang="en" sap:schema-version="0000" xmlns="http://schemas.microsoft.com/ado/2008/09/edm">
            <EntityContainer Name="2b95014311c0b932113fd8e3_Entities" m:IsDefaultEntityContainer="true">
                <EntitySet Name="EmployeeSet" EntityType="2b95014311c0b932113fd8e3.Employee" sap:creatable="true" sap:updatable="true" sap:deletable="true"/>
            </EntityContainer>
            <EntityType Name="Employee">
                <Key>
                    <PropertyRef Name="ID"/>
                </Key>
                <Property Name="ID" Type="Edm.String" sap:creatable="true" sap:updatable="true" sap:deletable="true" sap:label="ID"/>
                <Property Name="FLName" Type="Edm.String" sap:creatable="true" sap:updatable="true" sap:deletable="true" sap:label="FLName"/>
                <Property Name="Age" Type="Edm.Decimal" sap:creatable="true" sap:updatable="true" sap:deletable="true" sap:label="DefaultName"/>
                <Property Name="Salary" Type="Edm.Decimal" sap:creatable="true" sap:updatable="true" sap:deletable="true" sap:label="DefaultName1"/>
                <Property Name="Position" Type="Edm.String" sap:creatable="true" sap:updatable="true" sap:deletable="true" sap:label="DefaultName2"/>
            </EntityType>
        </Schema>
    </edmx:DataServices>
</edmx:Edmx>
